name,timestamp,price,sentiment,volume
BTC,2025-08-05 18:55:44.894509,100.66449990281518,0.00498584389298696,1561.87
BTC,2025-08-05 19:55:44.894509,99.72949923041905,0.00498584389298696,906.53
BTC,2025-08-05 20:55:44.894509,101.55201192458493,0.00498584389298696,2597.77
BTC,2025-08-05 21:55:44.894509,102.61869596136857,0.00498584389298696,1819.22
BTC,2025-08-05 22:55:44.894509,103.76991230843979,0.00498584389298696,1813.0
BTC,2025-08-05 23:55:44.894509,104.4202171819856,0.00498584389298696,1408.93
BTC,2025-08-06 00:55:44.894509,104.20868117522978,0.00498584389298696,2177.26
BTC,2025-08-06 01:55:44.894509,105.26823614071475,0.00498584389298696,2220.0
BTC,2025-08-06 02:55:44.894509,103.51701170901194,0.00498584389298696,2640.87
BTC,2025-08-06 03:55:44.894509,103.04220363680956,0.00498584389298696,3116.55
BTC,2025-08-06 04:55:44.894509,103.69252340390062,0.00498584389298696,1644.15
BTC,2025-08-06 05:55:44.894509,103.53442636716113,0.00498584389298696,541.79
BTC,2025-08-06 06:55:44.894509,102.82560063398081,0.00498584389298696,1067.72
BTC,2025-08-06 07:55:44.894509,103.11835298648104,0.00498584389298696,2845.83
BTC,2025-08-06 08:55:44.894509,104.90947366520568,0.00498584389298696,1666.82
BTC,2025-08-06 09:55:44.894509,104.99381983366497,0.00498584389298696,3956.39
BTC,2025-08-06 10:55:44.894509,104.3216021430959,0.00498584389298696,20376.98
BTC,2025-08-06 11:55:44.894509,104.0255543955031,0.00498584389298696,4174.09
BTC,2025-08-06 12:55:44.894509,104.3425865149389,0.00498584389298696,3372.11
BTC,2025-08-06 13:55:44.894509,104.84027491713982,0.00498584389298696,2368.67
BTC,2025-08-06 14:55:44.894509,107.48818840421136,0.00498584389298696,4893.0
BTC,2025-08-06 15:55:44.894509,107.92261275335058,0.00498584389298696,14722.38
BTC,2025-08-06 16:55:44.894509,108.42857613914664,0.00498584389298696,7073.06
BTC,2025-08-06 17:55:44.894509,107.48679684984162,0.00498584389298696,4903.61
BTC,2025-08-06 18:55:44.894509,107.28645783611698,0.21262693571091965,927.34
BTC,2025-08-06 19:55:44.894509,109.37701243362287,0.21262693571091965,1594.95
BTC,2025-08-06 20:55:44.894509,110.42442908934754,0.21262693571091965,1618.46
BTC,2025-08-06 21:55:44.894509,110.89653892406024,0.21262693571091965,883.53
BTC,2025-08-06 22:55:44.894509,110.21811642882028,0.21262693571091965,539.25
BTC,2025-08-06 23:55:44.894509,113.0474881387644,0.21262693571091965,998.97
BTC,2025-08-07 00:55:44.894509,112.7458780589413,0.21262693571091965,760.54
BTC,2025-08-07 01:55:44.894509,113.02430060017612,0.21262693571091965,811.17
BTC,2025-08-07 02:55:44.894509,112.68457851402638,0.21262693571091965,2118.01
BTC,2025-08-07 03:55:44.894509,111.56378343427491,0.21262693571091965,999.96
BTC,2025-08-07 04:55:44.894509,111.83992261864412,0.21262693571091965,2064.88
BTC,2025-08-07 05:55:44.894509,111.50529255704404,0.21262693571091965,1875.53
BTC,2025-08-07 06:55:44.894509,111.61777166584837,0.21262693571091965,1017.07
BTC,2025-08-07 07:55:44.894509,112.03303382781237,0.21262693571091965,3059.7
BTC,2025-08-07 08:55:44.894509,109.09483949955958,0.21262693571091965,1382.72
BTC,2025-08-07 09:55:44.894509,108.65719378422911,0.21262693571091965,4424.64
BTC,2025-08-07 10:55:44.894509,110.32691152487125,0.21262693571091965,5168.84
BTC,2025-08-07 11:55:44.894509,110.34158651348159,0.21262693571091965,7428.02
BTC,2025-08-07 12:55:44.894509,110.17216718473168,0.21262693571091965,4858.25
BTC,2025-08-07 13:55:44.894509,111.22520430345604,0.21262693571091965,13275.61
BTC,2025-08-07 14:55:44.894509,110.82504229589055,0.21262693571091965,8565.19
BTC,2025-08-07 15:55:44.894509,110.18164348270082,0.21262693571091965,6490.7
BTC,2025-08-07 16:55:44.894509,108.93539788519809,0.21262693571091965,6825.66
BTC,2025-08-07 17:55:44.894509,109.58802153500766,0.21262693571091965,3515.48
BTC,2025-08-07 18:55:44.894509,110.02352563135643,-0.4795484441145064,1118.38
BTC,2025-08-07 19:55:44.894509,110.20129130649755,-0.4795484441145064,1640.58
BTC,2025-08-07 20:55:44.894509,109.83851520649206,-0.4795484441145064,1486.54
BTC,2025-08-07 21:55:44.894509,111.4438180705086,-0.4795484441145064,2390.35
BTC,2025-08-07 22:55:44.894509,111.12902184637781,-0.4795484441145064,1180.29
BTC,2025-08-07 23:55:44.894509,110.34516724223012,-0.4795484441145064,1041.07
BTC,2025-08-08 00:55:44.894509,110.93524085209071,-0.4795484441145064,1134.42
BTC,2025-08-08 01:55:44.894509,111.39493968693782,-0.4795484441145064,2522.4
BTC,2025-08-08 02:55:44.894509,109.87767883126206,-0.4795484441145064,1532.05
BTC,2025-08-08 03:55:44.894509,108.96979126941487,-0.4795484441145064,3504.51
BTC,2025-08-08 04:55:44.894509,110.39370993778799,-0.4795484441145064,1721.99
BTC,2025-08-08 05:55:44.894509,110.68921114731577,-0.4795484441145064,1309.31
BTC,2025-08-08 06:55:44.894509,109.38878920062604,-0.4795484441145064,2257.44
BTC,2025-08-08 07:55:44.894509,109.41270876852413,-0.4795484441145064,1305.77
BTC,2025-08-08 08:55:44.894509,111.43966732420445,-0.4795484441145064,1111.07
BTC,2025-08-08 09:55:44.894509,111.97371995859562,-0.4795484441145064,3369.48
BTC,2025-08-08 10:55:44.894509,111.98372077033102,-0.4795484441145064,5267.35
BTC,2025-08-08 11:55:44.894509,111.64616732257721,-0.4795484441145064,3000.61
BTC,2025-08-08 12:55:44.894509,111.10589270418035,-0.4795484441145064,4974.03
BTC,2025-08-08 13:55:44.894509,111.62542289086413,-0.4795484441145064,6035.41
BTC,2025-08-08 14:55:44.894509,113.24008212841076,-0.4795484441145064,7866.49
BTC,2025-08-08 15:55:44.894509,114.93410556116756,-0.4795484441145064,2299.63
BTC,2025-08-08 16:55:44.894509,116.07832382089912,-0.4795484441145064,3635.43
BTC,2025-08-08 17:55:44.894509,116.55089895968612,-0.4795484441145064,7128.69
BTC,2025-08-08 18:55:44.894509,116.97030059575958,-0.5740466890001386,1325.11
BTC,2025-08-08 19:55:44.894509,116.05454166115948,-0.5740466890001386,948.92
BTC,2025-08-08 20:55:44.894509,114.31306784000053,-0.5740466890001386,2275.99
BTC,2025-08-08 21:55:44.894509,114.17612382987963,-0.5740466890001386,1911.2
BTC,2025-08-08 22:55:44.894509,115.1640658363831,-0.5740466890001386,1687.7
BTC,2025-08-08 23:55:44.894509,113.60074178966887,-0.5740466890001386,1904.08
BTC,2025-08-09 00:55:44.894509,112.73724691956114,-0.5740466890001386,1514.03
BTC,2025-08-09 01:55:44.894509,114.78592464935826,-0.5740466890001386,781.46
BTC,2025-08-09 02:55:44.894509,115.93757549127878,-0.5740466890001386,811.77
BTC,2025-08-09 03:55:44.894509,115.36346253080272,-0.5740466890001386,828.0
BTC,2025-08-09 04:55:44.894509,116.81264003697517,-0.5740466890001386,1294.94
BTC,2025-08-09 05:55:44.894509,117.05066079726944,-0.5740466890001386,1270.99
BTC,2025-08-09 06:55:44.894509,116.49278763650284,-0.5740466890001386,1333.17
BTC,2025-08-09 07:55:44.894509,115.95066769247545,-0.5740466890001386,1686.82
BTC,2025-08-09 08:55:44.894509,114.0483887538082,-0.5740466890001386,1873.47
BTC,2025-08-09 09:55:44.894509,114.78707476008758,-0.5740466890001386,7967.96
BTC,2025-08-09 10:55:44.894509,114.39393297514853,-0.5740466890001386,7687.86
BTC,2025-08-09 11:55:44.894509,114.02634632258507,-0.5740466890001386,4185.11
BTC,2025-08-09 12:55:44.894509,113.79343592960528,-0.5740466890001386,10059.97
BTC,2025-08-09 13:55:44.894509,113.90222187047051,-0.5740466890001386,1984.67
BTC,2025-08-09 14:55:44.894509,112.6279104422681,-0.5740466890001386,8114.7
BTC,2025-08-09 15:55:44.894509,113.35464845617538,-0.5740466890001386,2640.31
BTC,2025-08-09 16:55:44.894509,113.43146401919904,-0.5740466890001386,4724.43
BTC,2025-08-09 17:55:44.894509,112.9722072056257,-0.5740466890001386,5113.41
BTC,2025-08-09 18:55:44.894509,112.43335137922728,1.0,3020.26
BTC,2025-08-09 19:55:44.894509,112.54031792886346,1.0,1934.29
BTC,2025-08-09 20:55:44.894509,112.1464273117258,1.0,2186.84
BTC,2025-08-09 21:55:44.894509,111.54538232246074,1.0,1619.55
BTC,2025-08-09 22:55:44.894509,111.11004138336124,1.0,1877.11
BTC,2025-08-09 23:55:44.894509,111.20078469748707,1.0,3361.61
BTC,2025-08-10 00:55:44.894509,110.06472919963669,1.0,453.38
BTC,2025-08-10 01:55:44.894509,111.2519073318771,1.0,2294.95
BTC,2025-08-10 02:55:44.894509,110.76064440386037,1.0,2348.03
BTC,2025-08-10 03:55:44.894509,112.20948248132734,1.0,1536.55
BTC,2025-08-10 04:55:44.894509,112.12859598232757,1.0,826.43
BTC,2025-08-10 05:55:44.894509,109.85043543534911,1.0,3221.7
BTC,2025-08-10 06:55:44.894509,110.85231782463512,1.0,1295.26
BTC,2025-08-10 07:55:44.894509,110.81791795775844,1.0,528.06
BTC,2025-08-10 08:55:44.894509,111.98341682305741,1.0,1209.5
BTC,2025-08-10 09:55:44.894509,110.83094455181144,1.0,7355.89
BTC,2025-08-10 10:55:44.894509,110.78553656929098,1.0,8389.76
BTC,2025-08-10 11:55:44.894509,110.80415566332337,1.0,6427.47
BTC,2025-08-10 12:55:44.894509,110.39908930664355,1.0,6030.66
BTC,2025-08-10 13:55:44.894509,111.17571090136826,1.0,7025.51
BTC,2025-08-10 14:55:44.894509,110.76497577607107,1.0,9345.79
BTC,2025-08-10 15:55:44.894509,109.42526239176757,1.0,4331.87
BTC,2025-08-10 16:55:44.894509,107.89696928760651,1.0,3865.84
BTC,2025-08-10 17:55:44.894509,106.40753112996775,1.0,6128.75
BTC,2025-08-10 18:55:44.894509,105.17382838647036,-0.007269886620573699,1876.84
BTC,2025-08-10 19:55:44.894509,108.03412803631014,-0.007269886620573699,805.18
BTC,2025-08-10 20:55:44.894509,108.62957905753974,-0.007269886620573699,921.29
BTC,2025-08-10 21:55:44.894509,108.69135672618421,-0.007269886620573699,2301.12
BTC,2025-08-10 22:55:44.894509,109.64092749410388,-0.007269886620573699,4286.6
BTC,2025-08-10 23:55:44.894509,108.98285852006354,-0.007269886620573699,616.97
BTC,2025-08-11 00:55:44.894509,107.64998383741974,-0.007269886620573699,334.53
BTC,2025-08-11 01:55:44.894509,108.86603153844348,-0.007269886620573699,825.69
BTC,2025-08-11 02:55:44.894509,107.76902927659717,-0.007269886620573699,2451.2
BTC,2025-08-11 03:55:44.894509,107.77146026153406,-0.007269886620573699,1631.21
BTC,2025-08-11 04:55:44.894509,106.3411372777849,-0.007269886620573699,1400.16
BTC,2025-08-11 05:55:44.894509,106.17595469409696,-0.007269886620573699,1391.15
BTC,2025-08-11 06:55:44.894509,106.85408544700711,-0.007269886620573699,1065.12
BTC,2025-08-11 07:55:44.894509,106.7098700106819,-0.007269886620573699,921.41
BTC,2025-08-11 08:55:44.894509,105.31337222189171,-0.007269886620573699,1447.44
BTC,2025-08-11 09:55:44.894509,106.18822205894318,-0.007269886620573699,7914.51
BTC,2025-08-11 10:55:44.894509,105.15211939108241,-0.007269886620573699,2145.69
BTC,2025-08-11 11:55:44.894509,103.61522116777614,-0.007269886620573699,2955.48
BTC,2025-08-11 12:55:44.894509,104.41638578146993,-0.007269886620573699,5452.68
BTC,2025-08-11 13:55:44.894509,105.14250439552156,-0.007269886620573699,2499.95
BTC,2025-08-11 14:55:44.894509,104.45599467768962,-0.007269886620573699,10523.54
BTC,2025-08-11 15:55:44.894509,106.76545029715088,-0.007269886620573699,7755.61
BTC,2025-08-11 16:55:44.894509,108.87481150465348,-0.007269886620573699,2759.25
BTC,2025-08-11 17:55:44.894509,107.89317797507962,-0.007269886620573699,2870.08
BTC,2025-08-11 18:55:44.894509,109.06967804519316,0.7584398650478765,1840.13
BTC,2025-08-11 19:55:44.894509,108.31636372021178,0.7584398650478765,1337.37
BTC,2025-08-11 20:55:44.894509,109.95476229330042,0.7584398650478765,1551.12
BTC,2025-08-11 21:55:44.894509,108.59992275822867,0.7584398650478765,983.73
BTC,2025-08-11 22:55:44.894509,108.98986304329851,0.7584398650478765,781.92
BTC,2025-08-11 23:55:44.894509,110.03509906783569,0.7584398650478765,2218.52
BTC,2025-08-12 00:55:44.894509,107.64383031735102,0.7584398650478765,1662.3
BTC,2025-08-12 01:55:44.894509,109.55566716584786,0.7584398650478765,1448.27
BTC,2025-08-12 02:55:44.894509,108.49297239640566,0.7584398650478765,2452.8
BTC,2025-08-12 03:55:44.894509,107.58912732238448,0.7584398650478765,1303.44
BTC,2025-08-12 04:55:44.894509,107.7096050647586,0.7584398650478765,2796.0
BTC,2025-08-12 05:55:44.894509,108.3040038031159,0.7584398650478765,1212.8
BTC,2025-08-12 06:55:44.894509,110.17644640231539,0.7584398650478765,5213.85
BTC,2025-08-12 07:55:44.894509,109.82953436561712,0.7584398650478765,3939.93
BTC,2025-08-12 08:55:44.894509,110.10105865447194,0.7584398650478765,4412.27
BTC,2025-08-12 09:55:44.894509,109.24842698619662,0.7584398650478765,9684.74
BTC,2025-08-12 10:55:44.894509,109.64218178174542,0.7584398650478765,1647.57
BTC,2025-08-12 11:55:44.894509,107.92803273558442,0.7584398650478765,10719.79
BTC,2025-08-12 12:55:44.894509,106.35768848714542,0.7584398650478765,6947.5
BTC,2025-08-12 13:55:44.894509,104.8260736043205,0.7584398650478765,4662.62
BTC,2025-08-12 14:55:44.894509,106.4361877137765,0.7584398650478765,13278.52
BTC,2025-08-12 15:55:44.894509,105.67567303945246,0.7584398650478765,5394.03
BTC,2025-08-12 16:55:44.894509,105.468617429922,0.7584398650478765,6083.12
BTC,2025-08-12 17:55:44.894509,106.41598520940559,0.7584398650478765,8179.4
BTC,2025-08-12 18:55:44.894509,106.57083306063338,0.3716056081666252,873.57
BTC,2025-08-12 19:55:44.894509,107.86173491528406,0.3716056081666252,1344.6
BTC,2025-08-12 20:55:44.894509,108.84938736121305,0.3716056081666252,1084.39
BTC,2025-08-12 21:55:44.894509,109.72760359181743,0.3716056081666252,1198.6
BTC,2025-08-12 22:55:44.894509,109.52632095147584,0.3716056081666252,2021.71
BTC,2025-08-12 23:55:44.894509,107.97511194891973,0.3716056081666252,1596.35
BTC,2025-08-13 00:55:44.894509,107.67902527701727,0.3716056081666252,1596.77
BTC,2025-08-13 01:55:44.894509,109.18712179526638,0.3716056081666252,2913.65
BTC,2025-08-13 02:55:44.894509,110.32529688043421,0.3716056081666252,2054.21
BTC,2025-08-13 03:55:44.894509,109.676689729775,0.3716056081666252,3225.01
BTC,2025-08-13 04:55:44.894509,109.80975889491947,0.3716056081666252,892.83
BTC,2025-08-13 05:55:44.894509,108.99085365596937,0.3716056081666252,2785.63
BTC,2025-08-13 06:55:44.894509,110.25155178019776,0.3716056081666252,1768.44
BTC,2025-08-13 07:55:44.894509,110.10596762895966,0.3716056081666252,1852.47
BTC,2025-08-13 08:55:44.894509,109.17803846051817,0.3716056081666252,1520.37
BTC,2025-08-13 09:55:44.894509,109.70707263832975,0.3716056081666252,7163.74
BTC,2025-08-13 10:55:44.894509,109.56683141732263,0.3716056081666252,9886.01
BTC,2025-08-13 11:55:44.894509,109.9968009919281,0.3716056081666252,10253.75
BTC,2025-08-13 12:55:44.894509,110.22818502340698,0.3716056081666252,2308.92
BTC,2025-08-13 13:55:44.894509,108.92864202698317,0.3716056081666252,3267.4
BTC,2025-08-13 14:55:44.894509,108.92362924783345,0.3716056081666252,5315.31
BTC,2025-08-13 15:55:44.894509,108.16280684792581,0.3716056081666252,7465.44
BTC,2025-08-13 16:55:44.894509,109.15903614689422,0.3716056081666252,5549.19
BTC,2025-08-13 17:55:44.894509,109.55886006275793,0.3716056081666252,4073.41
BTC,2025-08-13 18:55:44.894509,110.29891414747584,-0.7891901098290307,2748.52
BTC,2025-08-13 19:55:44.894509,110.65824659643965,-0.7891901098290307,623.69
BTC,2025-08-13 20:55:44.894509,108.76778719741486,-0.7891901098290307,1661.53
BTC,2025-08-13 21:55:44.894509,109.29971936176423,-0.7891901098290307,1403.36
BTC,2025-08-13 22:55:44.894509,109.66488823237779,-0.7891901098290307,2048.0
BTC,2025-08-13 23:55:44.894509,110.62158466293336,-0.7891901098290307,2653.39
BTC,2025-08-14 00:55:44.894509,110.65879794436779,-0.7891901098290307,2281.19
BTC,2025-08-14 01:55:44.894509,109.30057997731625,-0.7891901098290307,654.85
BTC,2025-08-14 02:55:44.894509,109.43991921401593,-0.7891901098290307,1899.9
BTC,2025-08-14 03:55:44.894509,108.75301571962102,-0.7891901098290307,1982.83
BTC,2025-08-14 04:55:44.894509,108.25497854101084,-0.7891901098290307,1721.7
BTC,2025-08-14 05:55:44.894509,109.66838140794343,-0.7891901098290307,1203.73
BTC,2025-08-14 06:55:44.894509,111.49131399771764,-0.7891901098290307,658.68
BTC,2025-08-14 07:55:44.894509,112.92831972905991,-0.7891901098290307,1409.49
BTC,2025-08-14 08:55:44.894509,111.58355770727457,-0.7891901098290307,1029.97
BTC,2025-08-14 09:55:44.894509,111.28394992603782,-0.7891901098290307,2053.88
BTC,2025-08-14 10:55:44.894509,111.27275735361823,-0.7891901098290307,3048.31
BTC,2025-08-14 11:55:44.894509,110.72383376456659,-0.7891901098290307,4448.39
BTC,2025-08-14 12:55:44.894509,110.28292883317556,-0.7891901098290307,3230.26
BTC,2025-08-14 13:55:44.894509,109.38130535307563,-0.7891901098290307,3174.94
BTC,2025-08-14 14:55:44.894509,109.49631509706042,-0.7891901098290307,2739.32
BTC,2025-08-14 15:55:44.894509,109.50589655053378,-0.7891901098290307,3821.87
BTC,2025-08-14 16:55:44.894509,109.29327876431121,-0.7891901098290307,5590.3
BTC,2025-08-14 17:55:44.894509,109.7660022442176,-0.7891901098290307,7691.92
BTC,2025-08-14 18:55:44.894509,110.46607873303769,0.23267263605828173,1153.49
BTC,2025-08-14 19:55:44.894509,109.68855724892603,0.23267263605828173,892.7
BTC,2025-08-14 20:55:44.894509,110.45228151590652,0.23267263605828173,2154.36
BTC,2025-08-14 21:55:44.894509,110.84376400719539,0.23267263605828173,1100.53
BTC,2025-08-14 22:55:44.894509,109.47447402949935,0.23267263605828173,931.22
BTC,2025-08-14 23:55:44.894509,109.01943983626144,0.23267263605828173,1029.27
BTC,2025-08-15 00:55:44.894509,108.94148685910895,0.23267263605828173,772.63
BTC,2025-08-15 01:55:44.894509,110.24777711877267,0.23267263605828173,1482.2
BTC,2025-08-15 02:55:44.894509,111.75074589346816,0.23267263605828173,2729.55
BTC,2025-08-15 03:55:44.894509,113.01265701481525,0.23267263605828173,911.76
BTC,2025-08-15 04:55:44.894509,113.17255189972826,0.23267263605828173,960.08
BTC,2025-08-15 05:55:44.894509,113.00862016278292,0.23267263605828173,1991.12
BTC,2025-08-15 06:55:44.894509,112.5279335046426,0.23267263605828173,2114.11
BTC,2025-08-15 07:55:44.894509,114.75064072450549,0.23267263605828173,3813.53
BTC,2025-08-15 08:55:44.894509,114.28384045699988,0.23267263605828173,1365.25
BTC,2025-08-15 09:55:44.894509,112.67181991399801,0.23267263605828173,4819.64
BTC,2025-08-15 10:55:44.894509,114.42483930000328,0.23267263605828173,5080.82
BTC,2025-08-15 11:55:44.894509,115.44142343035186,0.23267263605828173,7936.94
BTC,2025-08-15 12:55:44.894509,114.90320381683236,0.23267263605828173,1636.48
BTC,2025-08-15 13:55:44.894509,113.88218427229943,0.23267263605828173,5617.16
BTC,2025-08-15 14:55:44.894509,112.25554368428372,0.23267263605828173,11069.74
BTC,2025-08-15 15:55:44.894509,111.06802735565189,0.23267263605828173,4339.7
BTC,2025-08-15 16:55:44.894509,111.05138243650566,0.23267263605828173,7000.04
BTC,2025-08-15 17:55:44.894509,109.84908642767333,0.23267263605828173,5911.33
BTC,2025-08-15 18:55:44.894509,110.81063682583876,-0.056036520090194684,903.52
BTC,2025-08-15 19:55:44.894509,112.0090106535876,-0.056036520090194684,836.09
BTC,2025-08-15 20:55:44.894509,112.21086338037516,-0.056036520090194684,798.32
BTC,2025-08-15 21:55:44.894509,110.59564209649804,-0.056036520090194684,1713.97
BTC,2025-08-15 22:55:44.894509,111.33356146170861,-0.056036520090194684,2202.96
BTC,2025-08-15 23:55:44.894509,112.60539784916547,-0.056036520090194684,1745.71
BTC,2025-08-16 00:55:44.894509,112.2966870694942,-0.056036520090194684,677.01
BTC,2025-08-16 01:55:44.894509,111.43364008428784,-0.056036520090194684,1115.55
BTC,2025-08-16 02:55:44.894509,111.78537563634771,-0.056036520090194684,2639.58
BTC,2025-08-16 03:55:44.894509,112.14649224663381,-0.056036520090194684,621.1
BTC,2025-08-16 04:55:44.894509,112.92646727093377,-0.056036520090194684,1237.41
BTC,2025-08-16 05:55:44.894509,112.25195250470537,-0.056036520090194684,1292.93
BTC,2025-08-16 06:55:44.894509,111.18822756917925,-0.056036520090194684,2609.67
BTC,2025-08-16 07:55:44.894509,110.84811020921141,-0.056036520090194684,830.0
BTC,2025-08-16 08:55:44.894509,110.63148198665662,-0.056036520090194684,1288.48
BTC,2025-08-16 09:55:44.894509,110.35092467832501,-0.056036520090194684,5598.06
BTC,2025-08-16 10:55:44.894509,110.18646767408447,-0.056036520090194684,2377.23
BTC,2025-08-16 11:55:44.894509,110.60294758147182,-0.056036520090194684,3213.8
BTC,2025-08-16 12:55:44.894509,111.83627204826209,-0.056036520090194684,5496.7
BTC,2025-08-16 13:55:44.894509,112.47495264918605,-0.056036520090194684,5534.42
BTC,2025-08-16 14:55:44.894509,113.33642685375372,-0.056036520090194684,7345.44
BTC,2025-08-16 15:55:44.894509,113.76114667125641,-0.056036520090194684,3872.54
BTC,2025-08-16 16:55:44.894509,113.85651254162738,-0.056036520090194684,6889.51
BTC,2025-08-16 17:55:44.894509,113.6147462133022,-0.056036520090194684,5808.66
BTC,2025-08-16 18:55:44.894509,114.45196505634641,-0.5664999266798892,1414.68
BTC,2025-08-16 19:55:44.894509,115.78977398649927,-0.5664999266798892,3819.53
BTC,2025-08-16 20:55:44.894509,115.17869645895905,-0.5664999266798892,1195.91
BTC,2025-08-16 21:55:44.894509,115.22033003103847,-0.5664999266798892,787.53
BTC,2025-08-16 22:55:44.894509,114.88897945054902,-0.5664999266798892,1360.17
BTC,2025-08-16 23:55:44.894509,115.35933046971962,-0.5664999266798892,962.32
BTC,2025-08-17 00:55:44.894509,116.27267530849792,-0.5664999266798892,3369.23
BTC,2025-08-17 01:55:44.894509,116.04814058332694,-0.5664999266798892,1750.41
BTC,2025-08-17 02:55:44.894509,116.09161521013056,-0.5664999266798892,1433.67
BTC,2025-08-17 03:55:44.894509,116.13603065003055,-0.5664999266798892,1709.51
BTC,2025-08-17 04:55:44.894509,115.56896906496851,-0.5664999266798892,1694.58
BTC,2025-08-17 05:55:44.894509,114.61092865369515,-0.5664999266798892,2349.88
BTC,2025-08-17 06:55:44.894509,113.08667899510282,-0.5664999266798892,5031.69
BTC,2025-08-17 07:55:44.894509,113.56248840761305,-0.5664999266798892,1361.35
BTC,2025-08-17 08:55:44.894509,114.32135081538605,-0.5664999266798892,694.36
BTC,2025-08-17 09:55:44.894509,113.83884591838716,-0.5664999266798892,6613.74
BTC,2025-08-17 10:55:44.894509,113.88465335799668,-0.5664999266798892,5082.65
BTC,2025-08-17 11:55:44.894509,112.55486882597279,-0.5664999266798892,3847.57
BTC,2025-08-17 12:55:44.894509,113.25802256909644,-0.5664999266798892,8736.61
BTC,2025-08-17 13:55:44.894509,114.06542320854163,-0.5664999266798892,3240.59
BTC,2025-08-17 14:55:44.894509,115.62229707269205,-0.5664999266798892,6969.26
BTC,2025-08-17 15:55:44.894509,115.02240625349528,-0.5664999266798892,3096.6
BTC,2025-08-17 16:55:44.894509,115.61551669208507,-0.5664999266798892,2744.75
BTC,2025-08-17 17:55:44.894509,118.7820835245471,-0.5664999266798892,3903.54
BTC,2025-08-17 18:55:44.894509,118.86907546308686,0.5494649341333007,1576.15
BTC,2025-08-17 19:55:44.894509,118.846789145937,0.5494649341333007,1910.3
BTC,2025-08-17 20:55:44.894509,117.90886753577857,0.5494649341333007,2055.22
BTC,2025-08-17 21:55:44.894509,118.13573607371997,0.5494649341333007,918.92
BTC,2025-08-17 22:55:44.894509,118.53231542223938,0.5494649341333007,1135.73
BTC,2025-08-17 23:55:44.894509,116.88983121611001,0.5494649341333007,1389.44
BTC,2025-08-18 00:55:44.894509,115.71715593709293,0.5494649341333007,384.61
BTC,2025-08-18 01:55:44.894509,117.81302692593964,0.5494649341333007,2747.99
BTC,2025-08-18 02:55:44.894509,116.70014651640454,0.5494649341333007,664.23
BTC,2025-08-18 03:55:44.894509,117.99307536004788,0.5494649341333007,2682.63
BTC,2025-08-18 04:55:44.894509,117.03408653589463,0.5494649341333007,2043.01
BTC,2025-08-18 05:55:44.894509,118.10949320106279,0.5494649341333007,1696.73
BTC,2025-08-18 06:55:44.894509,117.0826374234997,0.5494649341333007,2394.2
BTC,2025-08-18 07:55:44.894509,118.86120094286852,0.5494649341333007,773.74
BTC,2025-08-18 08:55:44.894509,119.32940605730859,0.5494649341333007,865.49
BTC,2025-08-18 09:55:44.894509,120.83219242512078,0.5494649341333007,6324.58
BTC,2025-08-18 10:55:44.894509,121.40233574716166,0.5494649341333007,4995.25
BTC,2025-08-18 11:55:44.894509,120.61322013774235,0.5494649341333007,4543.22
BTC,2025-08-18 12:55:44.894509,119.95180900891641,0.5494649341333007,8660.0
BTC,2025-08-18 13:55:44.894509,120.3726680222621,0.5494649341333007,11677.93
BTC,2025-08-18 14:55:44.894509,121.09220494054614,0.5494649341333007,3362.04
BTC,2025-08-18 15:55:44.894509,120.06152862970643,0.5494649341333007,5643.01
BTC,2025-08-18 16:55:44.894509,119.99031817693961,0.5494649341333007,8597.74
BTC,2025-08-18 17:55:44.894509,121.30135983458771,0.5494649341333007,1991.29
BTC,2025-08-18 18:55:44.894509,122.08600608927262,-0.2018307267366869,5896.97
BTC,2025-08-18 19:55:44.894509,121.64873277032092,-0.2018307267366869,587.68
BTC,2025-08-18 20:55:44.894509,122.31700992473395,-0.2018307267366869,3215.97
BTC,2025-08-18 21:55:44.894509,121.57438088339364,-0.2018307267366869,2453.44
BTC,2025-08-18 22:55:44.894509,121.96738697340172,-0.2018307267366869,1254.62
BTC,2025-08-18 23:55:44.894509,120.1211973723857,-0.2018307267366869,2335.3
BTC,2025-08-19 00:55:44.894509,120.04282178712842,-0.2018307267366869,1734.84
BTC,2025-08-19 01:55:44.894509,121.00726152888343,-0.2018307267366869,1579.13
BTC,2025-08-19 02:55:44.894509,120.50303401740031,-0.2018307267366869,1303.47
BTC,2025-08-19 03:55:44.894509,120.02517742360769,-0.2018307267366869,1961.86
BTC,2025-08-19 04:55:44.894509,121.53788230751762,-0.2018307267366869,1482.64
BTC,2025-08-19 05:55:44.894509,121.75859218708956,-0.2018307267366869,1231.57
BTC,2025-08-19 06:55:44.894509,121.74495063152895,-0.2018307267366869,1512.91
BTC,2025-08-19 07:55:44.894509,123.31039363522994,-0.2018307267366869,4318.0
BTC,2025-08-19 08:55:44.894509,123.82314893244106,-0.2018307267366869,2040.86
BTC,2025-08-19 09:55:44.894509,122.91853686282712,-0.2018307267366869,3172.14
BTC,2025-08-19 10:55:44.894509,123.20202148338757,-0.2018307267366869,4244.51
BTC,2025-08-19 11:55:44.894509,123.34291209513597,-0.2018307267366869,4990.72
BTC,2025-08-19 12:55:44.894509,124.3167527581385,-0.2018307267366869,5098.15
BTC,2025-08-19 13:55:44.894509,124.8000167325018,-0.2018307267366869,1720.39
BTC,2025-08-19 14:55:44.894509,124.74485502949425,-0.2018307267366869,3077.58
BTC,2025-08-19 15:55:44.894509,124.5196518473048,-0.2018307267366869,7867.58
BTC,2025-08-19 16:55:44.894509,123.50397739828892,-0.2018307267366869,3990.96
BTC,2025-08-19 17:55:44.894509,124.96585371737501,-0.2018307267366869,3756.89
BTC,2025-08-19 18:55:44.894509,123.30094926292055,-0.048729584103298376,907.08
BTC,2025-08-19 19:55:44.894509,125.09709809231084,-0.048729584103298376,2240.64
BTC,2025-08-19 20:55:44.894509,126.19994277775717,-0.048729584103298376,1042.92
BTC,2025-08-19 21:55:44.894509,124.99774066644886,-0.048729584103298376,1525.57
BTC,2025-08-19 22:55:44.894509,125.16973965907479,-0.048729584103298376,884.7
BTC,2025-08-19 23:55:44.894509,124.90959899281563,-0.048729584103298376,805.62
BTC,2025-08-20 00:55:44.894509,124.2223467702874,-0.048729584103298376,1622.57
BTC,2025-08-20 01:55:44.894509,124.55728954056342,-0.048729584103298376,774.88
BTC,2025-08-20 02:55:44.894509,125.61173598306536,-0.048729584103298376,1768.31
BTC,2025-08-20 03:55:44.894509,126.21307657521204,-0.048729584103298376,1391.27
BTC,2025-08-20 04:55:44.894509,127.0287304487214,-0.048729584103298376,938.93
BTC,2025-08-20 05:55:44.894509,126.6608535494824,-0.048729584103298376,3005.7
BTC,2025-08-20 06:55:44.894509,128.5098174435612,-0.048729584103298376,949.08
BTC,2025-08-20 07:55:44.894509,128.765955182118,-0.048729584103298376,760.35
BTC,2025-08-20 08:55:44.894509,129.6496464806966,-0.048729584103298376,2044.96
BTC,2025-08-20 09:55:44.894509,130.19959972881463,-0.048729584103298376,5306.83
BTC,2025-08-20 10:55:44.894509,129.21333539501597,-0.048729584103298376,6799.16
BTC,2025-08-20 11:55:44.894509,127.26532036611945,-0.048729584103298376,13050.63
BTC,2025-08-20 12:55:44.894509,127.30676673322594,-0.048729584103298376,6147.39
BTC,2025-08-20 13:55:44.894509,127.69066931359178,-0.048729584103298376,7334.93
BTC,2025-08-20 14:55:44.894509,127.5160948581388,-0.048729584103298376,2652.63
BTC,2025-08-20 15:55:44.894509,128.02302524683984,-0.048729584103298376,2918.96
BTC,2025-08-20 16:55:44.894509,128.65463616889312,-0.048729584103298376,4877.75
BTC,2025-08-20 17:55:44.894509,130.1237422993352,-0.048729584103298376,5320.75
BTC,2025-08-20 18:55:44.894509,129.16676700224266,0.04293414003820289,1912.08
BTC,2025-08-20 19:55:44.894509,128.54992483166328,0.04293414003820289,728.46
BTC,2025-08-20 20:55:44.894509,127.96502292530748,0.04293414003820289,676.95
BTC,2025-08-20 21:55:44.894509,126.74464116580462,0.04293414003820289,1322.39
BTC,2025-08-20 22:55:44.894509,125.77569627424295,0.04293414003820289,1868.93
BTC,2025-08-20 23:55:44.894509,125.26266331227883,0.04293414003820289,1164.69
BTC,2025-08-21 00:55:44.894509,125.11964132131197,0.04293414003820289,1904.54
BTC,2025-08-21 01:55:44.894509,125.73444547091586,0.04293414003820289,1986.09
BTC,2025-08-21 02:55:44.894509,126.67991224494558,0.04293414003820289,2944.29
BTC,2025-08-21 03:55:44.894509,126.77826937032134,0.04293414003820289,1792.89
BTC,2025-08-21 04:55:44.894509,126.38973422439885,0.04293414003820289,2154.06
BTC,2025-08-21 05:55:44.894509,127.55153722746998,0.04293414003820289,990.91
BTC,2025-08-21 06:55:44.894509,130.42951648108848,0.04293414003820289,1777.29
BTC,2025-08-21 07:55:44.894509,128.85712807600268,0.04293414003820289,5845.19
BTC,2025-08-21 08:55:44.894509,128.5679241236497,0.04293414003820289,846.21
BTC,2025-08-21 09:55:44.894509,129.6141141146297,0.04293414003820289,6190.11
BTC,2025-08-21 10:55:44.894509,129.50315574389265,0.04293414003820289,4737.31
BTC,2025-08-21 11:55:44.894509,128.8981214258589,0.04293414003820289,4549.6
BTC,2025-08-21 12:55:44.894509,130.10606586131675,0.04293414003820289,2220.65
BTC,2025-08-21 13:55:44.894509,128.8682484849173,0.04293414003820289,10856.78
BTC,2025-08-21 14:55:44.894509,128.25797553810716,0.04293414003820289,5015.31
BTC,2025-08-21 15:55:44.894509,128.58838334773176,0.04293414003820289,1380.94
BTC,2025-08-21 16:55:44.894509,127.88561257654688,0.04293414003820289,3888.27
BTC,2025-08-21 17:55:44.894509,126.97794729484042,0.04293414003820289,3953.62
BTC,2025-08-21 18:55:44.894509,126.77810413983362,-0.17979754316029448,699.59
BTC,2025-08-21 19:55:44.894509,129.00349853561886,-0.17979754316029448,1968.1
BTC,2025-08-21 20:55:44.894509,128.58340043740503,-0.17979754316029448,1062.23
BTC,2025-08-21 21:55:44.894509,127.83575624298422,-0.17979754316029448,1327.0
BTC,2025-08-21 22:55:44.894509,127.74849520673983,-0.17979754316029448,1656.55
BTC,2025-08-21 23:55:44.894509,125.87826216004605,-0.17979754316029448,846.31
BTC,2025-08-22 00:55:44.894509,125.69091025268209,-0.17979754316029448,948.11
BTC,2025-08-22 01:55:44.894509,126.06933644002986,-0.17979754316029448,3165.72
BTC,2025-08-22 02:55:44.894509,128.11790175004847,-0.17979754316029448,2433.75
BTC,2025-08-22 03:55:44.894509,129.68979531119015,-0.17979754316029448,1484.88
BTC,2025-08-22 04:55:44.894509,130.1678202970185,-0.17979754316029448,1539.67
BTC,2025-08-22 05:55:44.894509,129.7147343747201,-0.17979754316029448,2995.9
BTC,2025-08-22 06:55:44.894509,128.94651519027383,-0.17979754316029448,2287.47
BTC,2025-08-22 07:55:44.894509,129.38313671499796,-0.17979754316029448,1917.48
BTC,2025-08-22 08:55:44.894509,128.1295056866277,-0.17979754316029448,1184.63
BTC,2025-08-22 09:55:44.894509,128.0960277401559,-0.17979754316029448,2839.75
BTC,2025-08-22 10:55:44.894509,128.2184073547325,-0.17979754316029448,4734.12
BTC,2025-08-22 11:55:44.894509,127.98251781366886,-0.17979754316029448,2191.24
BTC,2025-08-22 12:55:44.894509,127.89367663034247,-0.17979754316029448,9132.31
BTC,2025-08-22 13:55:44.894509,126.70233969973943,-0.17979754316029448,5304.44
BTC,2025-08-22 14:55:44.894509,126.09685750970301,-0.17979754316029448,9943.73
BTC,2025-08-22 15:55:44.894509,124.81984147814447,-0.17979754316029448,10852.65
BTC,2025-08-22 16:55:44.894509,124.51109310777257,-0.17979754316029448,14696.27
BTC,2025-08-22 17:55:44.894509,124.29425974597173,-0.17979754316029448,5280.46
BTC,2025-08-22 18:55:44.894509,124.54716539005564,-0.09772429035192862,1622.95
BTC,2025-08-22 19:55:44.894509,125.41011797573276,-0.09772429035192862,1017.68
BTC,2025-08-22 20:55:44.894509,124.80389048519703,-0.09772429035192862,3045.9
BTC,2025-08-22 21:55:44.894509,124.72936503111073,-0.09772429035192862,2293.34
BTC,2025-08-22 22:55:44.894509,124.69924647601911,-0.09772429035192862,1830.5
BTC,2025-08-22 23:55:44.894509,124.20781471284572,-0.09772429035192862,2243.85
BTC,2025-08-23 00:55:44.894509,125.76983567089084,-0.09772429035192862,945.33
BTC,2025-08-23 01:55:44.894509,125.47247201793573,-0.09772429035192862,706.64
BTC,2025-08-23 02:55:44.894509,124.33622670397548,-0.09772429035192862,1563.11
BTC,2025-08-23 03:55:44.894509,126.15962644482292,-0.09772429035192862,1872.94
BTC,2025-08-23 04:55:44.894509,125.80315511416569,-0.09772429035192862,2638.05
BTC,2025-08-23 05:55:44.894509,124.21816723435082,-0.09772429035192862,3554.42
BTC,2025-08-23 06:55:44.894509,126.87600311225486,-0.09772429035192862,1688.65
BTC,2025-08-23 07:55:44.894509,125.62399202256802,-0.09772429035192862,2344.11
BTC,2025-08-23 08:55:44.894509,125.31144174221583,-0.09772429035192862,1660.59
BTC,2025-08-23 09:55:44.894509,124.54051059907356,-0.09772429035192862,3607.38
BTC,2025-08-23 10:55:44.894509,123.23370815986314,-0.09772429035192862,8310.29
BTC,2025-08-23 11:55:44.894509,123.72276773492896,-0.09772429035192862,4010.96
BTC,2025-08-23 12:55:44.894509,124.3866427817766,-0.09772429035192862,7056.46
BTC,2025-08-23 13:55:44.894509,126.46895100853183,-0.09772429035192862,3378.77
BTC,2025-08-23 14:55:44.894509,124.79794882868751,-0.09772429035192862,9587.46
BTC,2025-08-23 15:55:44.894509,124.43684805028835,-0.09772429035192862,2357.72
BTC,2025-08-23 16:55:44.894509,122.46729658635886,-0.09772429035192862,3639.61
BTC,2025-08-23 17:55:44.894509,122.39239686531525,-0.09772429035192862,6178.57
BTC,2025-08-23 18:55:44.894509,121.68394465528006,0.3925495965258396,3264.88
BTC,2025-08-23 19:55:44.894509,121.26470630744495,0.3925495965258396,3564.27
BTC,2025-08-23 20:55:44.894509,121.05815593206135,0.3925495965258396,2577.87
BTC,2025-08-23 21:55:44.894509,120.76116942869122,0.3925495965258396,2249.59
BTC,2025-08-23 22:55:44.894509,121.20463174918225,0.3925495965258396,1706.3
BTC,2025-08-23 23:55:44.894509,121.95979426984641,0.3925495965258396,1587.04
BTC,2025-08-24 00:55:44.894509,122.48830115631016,0.3925495965258396,1458.37
BTC,2025-08-24 01:55:44.894509,121.45831510880946,0.3925495965258396,2927.3
BTC,2025-08-24 02:55:44.894509,120.93165015788036,0.3925495965258396,1196.83
BTC,2025-08-24 03:55:44.894509,120.21976336902344,0.3925495965258396,1069.67
BTC,2025-08-24 04:55:44.894509,120.9437144772488,0.3925495965258396,961.93
BTC,2025-08-24 05:55:44.894509,120.71922787648398,0.3925495965258396,1349.62
BTC,2025-08-24 06:55:44.894509,117.95924787298833,0.3925495965258396,2053.09
BTC,2025-08-24 07:55:44.894509,116.14912095254645,0.3925495965258396,1839.84
BTC,2025-08-24 08:55:44.894509,116.35596880140304,0.3925495965258396,2655.51
BTC,2025-08-24 09:55:44.894509,117.81820834574748,0.3925495965258396,2990.41
BTC,2025-08-24 10:55:44.894509,119.76621316866091,0.3925495965258396,5439.77
BTC,2025-08-24 11:55:44.894509,120.62449768448329,0.3925495965258396,6051.93
BTC,2025-08-24 12:55:44.894509,121.6562925263685,0.3925495965258396,3786.58
BTC,2025-08-24 13:55:44.894509,123.34992075106527,0.3925495965258396,13328.78
BTC,2025-08-24 14:55:44.894509,125.17283822377951,0.3925495965258396,6859.43
BTC,2025-08-24 15:55:44.894509,125.79284536449629,0.3925495965258396,4660.07
BTC,2025-08-24 16:55:44.894509,125.78668787562998,0.3925495965258396,2580.36
BTC,2025-08-24 17:55:44.894509,127.42412815530089,0.3925495965258396,3210.0
BTC,2025-08-24 18:55:44.894509,126.79236489491208,0.34956255051765167,2657.11
BTC,2025-08-24 19:55:44.894509,126.0436254146019,0.34956255051765167,1687.03
BTC,2025-08-24 20:55:44.894509,124.7586796216545,0.34956255051765167,1508.97
BTC,2025-08-24 21:55:44.894509,125.88113845105627,0.34956255051765167,3531.47
BTC,2025-08-24 22:55:44.894509,125.82090439290272,0.34956255051765167,2084.51
BTC,2025-08-24 23:55:44.894509,125.52128617371986,0.34956255051765167,2253.82
BTC,2025-08-25 00:55:44.894509,125.8713609482735,0.34956255051765167,2671.45
BTC,2025-08-25 01:55:44.894509,127.09557782424673,0.34956255051765167,1018.18
BTC,2025-08-25 02:55:44.894509,126.40980408380183,0.34956255051765167,1288.37
BTC,2025-08-25 03:55:44.894509,125.81150502366593,0.34956255051765167,2899.57
BTC,2025-08-25 04:55:44.894509,125.34947657313768,0.34956255051765167,1477.49
BTC,2025-08-25 05:55:44.894509,124.98704217616788,0.34956255051765167,2944.57
BTC,2025-08-25 06:55:44.894509,125.51076610744497,0.34956255051765167,3355.85
BTC,2025-08-25 07:55:44.894509,125.2054994503807,0.34956255051765167,2648.75
BTC,2025-08-25 08:55:44.894509,126.1453569000212,0.34956255051765167,2307.59
BTC,2025-08-25 09:55:44.894509,124.38428247103877,0.34956255051765167,6618.32
BTC,2025-08-25 10:55:44.894509,123.62799396919644,0.34956255051765167,10548.97
BTC,2025-08-25 11:55:44.894509,124.22949526125458,0.34956255051765167,7212.33
BTC,2025-08-25 12:55:44.894509,123.81097228571747,0.34956255051765167,3086.32
BTC,2025-08-25 13:55:44.894509,122.84798366933539,0.34956255051765167,5156.43
BTC,2025-08-25 14:55:44.894509,122.5386116704078,0.34956255051765167,5096.55
BTC,2025-08-25 15:55:44.894509,122.89384800761343,0.34956255051765167,4653.48
BTC,2025-08-25 16:55:44.894509,121.62715496517274,0.34956255051765167,2523.39
BTC,2025-08-25 17:55:44.894509,121.40063433699517,0.34956255051765167,5631.47
BTC,2025-08-25 18:55:44.894509,121.64778737395632,-0.8387072988215175,899.57
BTC,2025-08-25 19:55:44.894509,121.64797202135513,-0.8387072988215175,8185.89
BTC,2025-08-25 20:55:44.894509,122.40426434619351,-0.8387072988215175,1553.84
BTC,2025-08-25 21:55:44.894509,123.84359605384567,-0.8387072988215175,930.37
BTC,2025-08-25 22:55:44.894509,125.84779198632957,-0.8387072988215175,1781.41
BTC,2025-08-25 23:55:44.894509,126.31529042653762,-0.8387072988215175,858.08
BTC,2025-08-26 00:55:44.894509,125.52942136262097,-0.8387072988215175,1253.84
BTC,2025-08-26 01:55:44.894509,125.3957416237671,-0.8387072988215175,867.04
BTC,2025-08-26 02:55:44.894509,125.14272858859331,-0.8387072988215175,1473.65
BTC,2025-08-26 03:55:44.894509,123.86842943939227,-0.8387072988215175,1753.0
BTC,2025-08-26 04:55:44.894509,124.39605961472091,-0.8387072988215175,468.53
BTC,2025-08-26 05:55:44.894509,124.63856413700341,-0.8387072988215175,993.95
BTC,2025-08-26 06:55:44.894509,125.33836944421614,-0.8387072988215175,750.37
BTC,2025-08-26 07:55:44.894509,124.49788925076474,-0.8387072988215175,622.79
BTC,2025-08-26 08:55:44.894509,123.9990031520468,-0.8387072988215175,1326.1
BTC,2025-08-26 09:55:44.894509,123.60692884675916,-0.8387072988215175,5588.55
BTC,2025-08-26 10:55:44.894509,122.88367181306172,-0.8387072988215175,4203.7
BTC,2025-08-26 11:55:44.894509,122.07846072976439,-0.8387072988215175,5530.29
BTC,2025-08-26 12:55:44.894509,120.69035444793411,-0.8387072988215175,10125.33
BTC,2025-08-26 13:55:44.894509,119.63199474439634,-0.8387072988215175,4062.36
BTC,2025-08-26 14:55:44.894509,121.04792698259571,-0.8387072988215175,2692.05
BTC,2025-08-26 15:55:44.894509,120.20061698858852,-0.8387072988215175,5154.9
BTC,2025-08-26 16:55:44.894509,119.63630481211406,-0.8387072988215175,6677.4
BTC,2025-08-26 17:55:44.894509,119.0709267444893,-0.8387072988215175,5726.37
BTC,2025-08-26 18:55:44.894509,118.28926801422516,-0.3294163490135139,665.12
BTC,2025-08-26 19:55:44.894509,118.36591750124958,-0.3294163490135139,1291.57
BTC,2025-08-26 20:55:44.894509,118.52699698234167,-0.3294163490135139,724.44
BTC,2025-08-26 21:55:44.894509,120.28418483994753,-0.3294163490135139,1593.78
BTC,2025-08-26 22:55:44.894509,120.88771830710509,-0.3294163490135139,2741.33
BTC,2025-08-26 23:55:44.894509,121.11104683144283,-0.3294163490135139,1002.89
BTC,2025-08-27 00:55:44.894509,121.4278224673214,-0.3294163490135139,988.38
BTC,2025-08-27 01:55:44.894509,119.2921769897042,-0.3294163490135139,775.62
BTC,2025-08-27 02:55:44.894509,118.83225459515782,-0.3294163490135139,1218.38
BTC,2025-08-27 03:55:44.894509,118.38468620094093,-0.3294163490135139,1572.24
BTC,2025-08-27 04:55:44.894509,118.04871852121391,-0.3294163490135139,672.07
BTC,2025-08-27 05:55:44.894509,115.97988657305335,-0.3294163490135139,997.39
BTC,2025-08-27 06:55:44.894509,115.91526233253978,-0.3294163490135139,3481.15
BTC,2025-08-27 07:55:44.894509,116.00010241063826,-0.3294163490135139,2083.52
BTC,2025-08-27 08:55:44.894509,116.35526108920953,-0.3294163490135139,1474.59
BTC,2025-08-27 09:55:44.894509,117.13783793431921,-0.3294163490135139,5704.06
BTC,2025-08-27 10:55:44.894509,116.33689529152568,-0.3294163490135139,3683.27
BTC,2025-08-27 11:55:44.894509,117.11453538117343,-0.3294163490135139,5649.61
BTC,2025-08-27 12:55:44.894509,117.29304972998274,-0.3294163490135139,9615.72
BTC,2025-08-27 13:55:44.894509,116.96461229860157,-0.3294163490135139,4856.1
BTC,2025-08-27 14:55:44.894509,116.59228272511841,-0.3294163490135139,4968.38
BTC,2025-08-27 15:55:44.894509,117.03617105578286,-0.3294163490135139,3733.1
BTC,2025-08-27 16:55:44.894509,118.94909628431657,-0.3294163490135139,3562.98
BTC,2025-08-27 17:55:44.894509,121.22847959128133,-0.3294163490135139,5543.65
BTC,2025-08-27 18:55:44.894509,119.17491449408959,-0.24872342308023662,4456.36
BTC,2025-08-27 19:55:44.894509,119.02023561070172,-0.24872342308023662,2294.82
BTC,2025-08-27 20:55:44.894509,118.14618051558972,-0.24872342308023662,1892.1
BTC,2025-08-27 21:55:44.894509,117.48305864166959,-0.24872342308023662,1022.42
BTC,2025-08-27 22:55:44.894509,115.98289119036218,-0.24872342308023662,1673.83
BTC,2025-08-27 23:55:44.894509,116.6957747675981,-0.24872342308023662,1168.51
BTC,2025-08-28 00:55:44.894509,117.48232572529285,-0.24872342308023662,1138.61
BTC,2025-08-28 01:55:44.894509,116.28006113329951,-0.24872342308023662,1325.02
BTC,2025-08-28 02:55:44.894509,116.06113995885227,-0.24872342308023662,1842.89
BTC,2025-08-28 03:55:44.894509,118.49811992544664,-0.24872342308023662,1250.01
BTC,2025-08-28 04:55:44.894509,120.07457303719487,-0.24872342308023662,1899.86
BTC,2025-08-28 05:55:44.894509,121.19190776958621,-0.24872342308023662,1725.28
BTC,2025-08-28 06:55:44.894509,121.35566632755433,-0.24872342308023662,1905.9
BTC,2025-08-28 07:55:44.894509,120.91886213172896,-0.24872342308023662,1592.15
BTC,2025-08-28 08:55:44.894509,123.37949251181834,-0.24872342308023662,1525.75
BTC,2025-08-28 09:55:44.894509,122.73761549381342,-0.24872342308023662,4071.48
BTC,2025-08-28 10:55:44.894509,123.87588827662447,-0.24872342308023662,7087.53
BTC,2025-08-28 11:55:44.894509,124.22566343947005,-0.24872342308023662,7762.47
BTC,2025-08-28 12:55:44.894509,123.10140688908798,-0.24872342308023662,2938.82
BTC,2025-08-28 13:55:44.894509,120.93009926299594,-0.24872342308023662,4236.86
BTC,2025-08-28 14:55:44.894509,121.009580998535,-0.24872342308023662,6637.32
BTC,2025-08-28 15:55:44.894509,121.46648177282773,-0.24872342308023662,8078.58
BTC,2025-08-28 16:55:44.894509,119.92355106414952,-0.24872342308023662,9973.28
BTC,2025-08-28 17:55:44.894509,120.54206892615082,-0.24872342308023662,7509.88
BTC,2025-08-28 18:55:44.894509,120.06954158078399,-0.49971669425096926,1177.55
BTC,2025-08-28 19:55:44.894509,119.40485882531462,-0.49971669425096926,1339.91
BTC,2025-08-28 20:55:44.894509,118.87651326695735,-0.49971669425096926,1737.28
BTC,2025-08-28 21:55:44.894509,119.56317244620175,-0.49971669425096926,949.68
BTC,2025-08-28 22:55:44.894509,120.02503090662438,-0.49971669425096926,1979.55
BTC,2025-08-28 23:55:44.894509,120.00270233405924,-0.49971669425096926,2107.45
BTC,2025-08-29 00:55:44.894509,120.13463264678599,-0.49971669425096926,2814.02
BTC,2025-08-29 01:55:44.894509,121.63488389579975,-0.49971669425096926,3020.32
BTC,2025-08-29 02:55:44.894509,122.78000979793198,-0.49971669425096926,1156.19
BTC,2025-08-29 03:55:44.894509,122.35107962439122,-0.49971669425096926,1324.82
BTC,2025-08-29 04:55:44.894509,124.21172157174529,-0.49971669425096926,1440.44
BTC,2025-08-29 05:55:44.894509,124.51639400847453,-0.49971669425096926,1529.93
BTC,2025-08-29 06:55:44.894509,122.97698416081423,-0.49971669425096926,1840.3
BTC,2025-08-29 07:55:44.894509,121.9566127386995,-0.49971669425096926,2814.44
BTC,2025-08-29 08:55:44.894509,122.1183679674468,-0.49971669425096926,1147.81
BTC,2025-08-29 09:55:44.894509,121.10851621872325,-0.49971669425096926,2337.29
BTC,2025-08-29 10:55:44.894509,120.11438270885102,-0.49971669425096926,3155.3
BTC,2025-08-29 11:55:44.894509,119.09786427807492,-0.49971669425096926,6199.27
BTC,2025-08-29 12:55:44.894509,118.37256533388823,-0.49971669425096926,3983.94
BTC,2025-08-29 13:55:44.894509,117.837607212819,-0.49971669425096926,6258.61
BTC,2025-08-29 14:55:44.894509,118.9023754500083,-0.49971669425096926,4917.31
BTC,2025-08-29 15:55:44.894509,118.2981566803772,-0.49971669425096926,4543.73
BTC,2025-08-29 16:55:44.894509,119.22721192663523,-0.49971669425096926,6231.39
BTC,2025-08-29 17:55:44.894509,118.02733496043166,-0.49971669425096926,11800.51
BTC,2025-08-29 18:55:44.894509,117.41020486067895,-0.06132002361163518,1582.29
BTC,2025-08-29 19:55:44.894509,117.47102732184032,-0.06132002361163518,2293.78
BTC,2025-08-29 20:55:44.894509,116.76636949303713,-0.06132002361163518,1607.91
BTC,2025-08-29 21:55:44.894509,115.7468501805529,-0.06132002361163518,939.06
BTC,2025-08-29 22:55:44.894509,115.18672952156417,-0.06132002361163518,383.09
BTC,2025-08-29 23:55:44.894509,114.96982073072377,-0.06132002361163518,966.01
BTC,2025-08-30 00:55:44.894509,114.30100526952367,-0.06132002361163518,1030.91
BTC,2025-08-30 01:55:44.894509,114.47971664982737,-0.06132002361163518,6568.17
BTC,2025-08-30 02:55:44.894509,113.83516579900359,-0.06132002361163518,1505.37
BTC,2025-08-30 03:55:44.894509,113.58342558666824,-0.06132002361163518,2453.9
BTC,2025-08-30 04:55:44.894509,115.1320963855119,-0.06132002361163518,1048.18
BTC,2025-08-30 05:55:44.894509,116.27273144013074,-0.06132002361163518,891.23
BTC,2025-08-30 06:55:44.894509,115.7400858001379,-0.06132002361163518,3098.47
BTC,2025-08-30 07:55:44.894509,113.53160325047632,-0.06132002361163518,2484.51
BTC,2025-08-30 08:55:44.894509,112.7997256348244,-0.06132002361163518,1988.9
BTC,2025-08-30 09:55:44.894509,113.7890463746775,-0.06132002361163518,3345.28
BTC,2025-08-30 10:55:44.894509,112.41810592127605,-0.06132002361163518,3424.08
BTC,2025-08-30 11:55:44.894509,111.66582754623278,-0.06132002361163518,2941.08
BTC,2025-08-30 12:55:44.894509,112.90948122244691,-0.06132002361163518,7964.38
BTC,2025-08-30 13:55:44.894509,113.1884875814746,-0.06132002361163518,5740.98
BTC,2025-08-30 14:55:44.894509,111.26874532885833,-0.06132002361163518,8724.73
BTC,2025-08-30 15:55:44.894509,112.16612309481559,-0.06132002361163518,3485.05
BTC,2025-08-30 16:55:44.894509,113.70792629739285,-0.06132002361163518,7504.01
BTC,2025-08-30 17:55:44.894509,112.0805250725714,-0.06132002361163518,7490.54
BTC,2025-08-30 18:55:44.894509,111.40739904440358,1.0,1282.43
BTC,2025-08-30 19:55:44.894509,111.26694375076495,1.0,2099.87
BTC,2025-08-30 20:55:44.894509,111.23635643582449,1.0,3565.34
BTC,2025-08-30 21:55:44.894509,111.29697697082149,1.0,2179.68
BTC,2025-08-30 22:55:44.894509,111.82676160296465,1.0,1076.04
BTC,2025-08-30 23:55:44.894509,112.00592904459315,1.0,3310.02
BTC,2025-08-31 00:55:44.894509,112.24196206422833,1.0,1448.14
BTC,2025-08-31 01:55:44.894509,112.00481006210958,1.0,1125.86
BTC,2025-08-31 02:55:44.894509,111.94230509025994,1.0,2570.66
BTC,2025-08-31 03:55:44.894509,112.30072185696267,1.0,3058.33
BTC,2025-08-31 04:55:44.894509,112.06040994019762,1.0,1614.22
BTC,2025-08-31 05:55:44.894509,110.94280241735336,1.0,2263.81
BTC,2025-08-31 06:55:44.894509,111.84044256895295,1.0,2879.34
BTC,2025-08-31 07:55:44.894509,112.21955847118545,1.0,1510.98
BTC,2025-08-31 08:55:44.894509,111.23645479569892,1.0,5770.7
BTC,2025-08-31 09:55:44.894509,111.22841634424226,1.0,11127.13
BTC,2025-08-31 10:55:44.894509,111.40127819661589,1.0,5900.74
BTC,2025-08-31 11:55:44.894509,111.56118146897343,1.0,2655.94
BTC,2025-08-31 12:55:44.894509,111.63529172219039,1.0,10477.4
BTC,2025-08-31 13:55:44.894509,111.33222603476025,1.0,6859.82
BTC,2025-08-31 14:55:44.894509,111.2947784868183,1.0,8736.87
BTC,2025-08-31 15:55:44.894509,110.56017160133872,1.0,13195.44
BTC,2025-08-31 16:55:44.894509,110.17558601092793,1.0,2592.98
BTC,2025-08-31 17:55:44.894509,110.15908990948634,1.0,13440.56
BTC,2025-08-31 18:55:44.894509,111.18952609279539,-0.11744181721251258,6538.1
BTC,2025-08-31 19:55:44.894509,112.16735453707165,-0.11744181721251258,3516.27
BTC,2025-08-31 20:55:44.894509,110.3559863111606,-0.11744181721251258,843.99
BTC,2025-08-31 21:55:44.894509,108.7662683466697,-0.11744181721251258,1483.11
BTC,2025-08-31 22:55:44.894509,108.38229076692208,-0.11744181721251258,1156.02
BTC,2025-08-31 23:55:44.894509,106.70158373489305,-0.11744181721251258,929.44
BTC,2025-09-01 00:55:44.894509,105.99717440499474,-0.11744181721251258,1041.54
BTC,2025-09-01 01:55:44.894509,105.3098159144134,-0.11744181721251258,990.08
BTC,2025-09-01 02:55:44.894509,104.8686884926476,-0.11744181721251258,1444.63
BTC,2025-09-01 03:55:44.894509,102.75587209966253,-0.11744181721251258,2569.76
BTC,2025-09-01 04:55:44.894509,102.5871408320126,-0.11744181721251258,3208.44
BTC,2025-09-01 05:55:44.894509,102.72671677814142,-0.11744181721251258,887.44
BTC,2025-09-01 06:55:44.894509,102.21973049557013,-0.11744181721251258,1051.09
BTC,2025-09-01 07:55:44.894509,102.28668598114254,-0.11744181721251258,1568.47
BTC,2025-09-01 08:55:44.894509,102.29172670771372,-0.11744181721251258,2209.65
BTC,2025-09-01 09:55:44.894509,101.25871088718449,-0.11744181721251258,7382.47
BTC,2025-09-01 10:55:44.894509,101.79850623489659,-0.11744181721251258,4959.61
BTC,2025-09-01 11:55:44.894509,102.74366113247851,-0.11744181721251258,5941.81
BTC,2025-09-01 12:55:44.894509,102.32216166977086,-0.11744181721251258,7454.36
BTC,2025-09-01 13:55:44.894509,103.38492569139576,-0.11744181721251258,6965.85
BTC,2025-09-01 14:55:44.894509,101.65468520038367,-0.11744181721251258,5921.12
BTC,2025-09-01 15:55:44.894509,101.51898606756507,-0.11744181721251258,4436.45
BTC,2025-09-01 16:55:44.894509,101.06184500288474,-0.11744181721251258,7226.33
BTC,2025-09-01 17:55:44.894509,99.51801345119651,-0.11744181721251258,7917.11
BTC,2025-09-01 18:55:44.894509,98.34691317912122,-0.5489469668777961,1960.97
BTC,2025-09-01 19:55:44.894509,100.01995482713006,-0.5489469668777961,1709.85
BTC,2025-09-01 20:55:44.894509,99.24441060606271,-0.5489469668777961,918.77
BTC,2025-09-01 21:55:44.894509,97.63747040702829,-0.5489469668777961,2921.63
BTC,2025-09-01 22:55:44.894509,98.26162552487658,-0.5489469668777961,1802.27
BTC,2025-09-01 23:55:44.894509,98.22390785521314,-0.5489469668777961,2516.32
BTC,2025-09-02 00:55:44.894509,96.08989099087717,-0.5489469668777961,3269.56
BTC,2025-09-02 01:55:44.894509,93.69753278245625,-0.5489469668777961,1861.1
BTC,2025-09-02 02:55:44.894509,93.26587175545824,-0.5489469668777961,1583.23
BTC,2025-09-02 03:55:44.894509,94.4655453356111,-0.5489469668777961,611.85
BTC,2025-09-02 04:55:44.894509,94.4965520720294,-0.5489469668777961,1407.57
BTC,2025-09-02 05:55:44.894509,94.88724181899326,-0.5489469668777961,1354.49
BTC,2025-09-02 06:55:44.894509,95.98645967537473,-0.5489469668777961,2805.35
BTC,2025-09-02 07:55:44.894509,96.98390663615686,-0.5489469668777961,2166.78
BTC,2025-09-02 08:55:44.894509,96.31551278971904,-0.5489469668777961,1064.74
BTC,2025-09-02 09:55:44.894509,97.05256572100949,-0.5489469668777961,10390.48
BTC,2025-09-02 10:55:44.894509,98.23206191216134,-0.5489469668777961,3279.33
BTC,2025-09-02 11:55:44.894509,99.41771335329673,-0.5489469668777961,5428.72
BTC,2025-09-02 12:55:44.894509,98.07089929308897,-0.5489469668777961,2684.36
BTC,2025-09-02 13:55:44.894509,97.56925038729165,-0.5489469668777961,3608.54
BTC,2025-09-02 14:55:44.894509,97.8973091270828,-0.5489469668777961,4677.9
BTC,2025-09-02 15:55:44.894509,96.64258982712349,-0.5489469668777961,3359.07
BTC,2025-09-02 16:55:44.894509,97.02178574829139,-0.5489469668777961,6453.57
BTC,2025-09-02 17:55:44.894509,97.9275437460566,-0.5489469668777961,3041.53
BTC,2025-09-02 18:55:44.894509,97.01308678649659,-0.26860520804436255,1701.79
BTC,2025-09-02 19:55:44.894509,98.09750865816214,-0.26860520804436255,1583.56
BTC,2025-09-02 20:55:44.894509,99.59870551551374,-0.26860520804436255,787.07
BTC,2025-09-02 21:55:44.894509,99.40712556137773,-0.26860520804436255,1166.12
BTC,2025-09-02 22:55:44.894509,99.28846941648085,-0.26860520804436255,2431.02
BTC,2025-09-02 23:55:44.894509,97.64102961516281,-0.26860520804436255,2420.68
BTC,2025-09-03 00:55:44.894509,96.87081583307362,-0.26860520804436255,1406.3
BTC,2025-09-03 01:55:44.894509,97.64762132641727,-0.26860520804436255,1024.35
BTC,2025-09-03 02:55:44.894509,97.74797261966799,-0.26860520804436255,1221.53
BTC,2025-09-03 03:55:44.894509,96.92667326256156,-0.26860520804436255,2397.49
BTC,2025-09-03 04:55:44.894509,97.40015362755678,-0.26860520804436255,1603.98
BTC,2025-09-03 05:55:44.894509,96.41519287448105,-0.26860520804436255,2337.13
BTC,2025-09-03 06:55:44.894509,95.27662561168788,-0.26860520804436255,1377.59
BTC,2025-09-03 07:55:44.894509,94.44734103103578,-0.26860520804436255,1128.76
BTC,2025-09-03 08:55:44.894509,95.23631947672695,-0.26860520804436255,1127.6
BTC,2025-09-03 09:55:44.894509,95.47245824383896,-0.26860520804436255,2304.13
BTC,2025-09-03 10:55:44.894509,96.18032447385347,-0.26860520804436255,3449.87
BTC,2025-09-03 11:55:44.894509,95.60381795472415,-0.26860520804436255,6080.32
BTC,2025-09-03 12:55:44.894509,95.0347664357209,-0.26860520804436255,5021.22
BTC,2025-09-03 13:55:44.894509,95.39688592681905,-0.26860520804436255,9339.5
BTC,2025-09-03 14:55:44.894509,93.35769288218204,-0.26860520804436255,7177.69
BTC,2025-09-03 15:55:44.894509,93.06557917874109,-0.26860520804436255,5317.57
BTC,2025-09-03 16:55:44.894509,93.9758814884685,-0.26860520804436255,5339.78
BTC,2025-09-03 17:55:44.894509,92.63183813831934,-0.26860520804436255,5480.2
BTC,2025-09-03 18:55:44.894509,91.73445701879844,-0.2728889753160653,1469.78
BTC,2025-09-03 19:55:44.894509,92.8038370841053,-0.2728889753160653,5545.96
BTC,2025-09-03 20:55:44.894509,90.55018095795731,-0.2728889753160653,1578.14
BTC,2025-09-03 21:55:44.894509,92.1138819376521,-0.2728889753160653,1549.23
BTC,2025-09-03 22:55:44.894509,92.31189514488157,-0.2728889753160653,2926.22
BTC,2025-09-03 23:55:44.894509,92.7829091814117,-0.2728889753160653,3704.82
BTC,2025-09-04 00:55:44.894509,93.80401977123613,-0.2728889753160653,1183.52
BTC,2025-09-04 01:55:44.894509,92.94969906194379,-0.2728889753160653,1315.16
BTC,2025-09-04 02:55:44.894509,92.56480544715164,-0.2728889753160653,721.51
BTC,2025-09-04 03:55:44.894509,92.93355366717242,-0.2728889753160653,1334.05
BTC,2025-09-04 04:55:44.894509,92.18209266526377,-0.2728889753160653,1333.0
BTC,2025-09-04 05:55:44.894509,91.55103339656773,-0.2728889753160653,1160.21
BTC,2025-09-04 06:55:44.894509,92.10609521984298,-0.2728889753160653,2003.5
BTC,2025-09-04 07:55:44.894509,91.33575725446877,-0.2728889753160653,1098.2
BTC,2025-09-04 08:55:44.894509,91.24392889842024,-0.2728889753160653,1210.55
BTC,2025-09-04 09:55:44.894509,91.70230884057393,-0.2728889753160653,5658.32
BTC,2025-09-04 10:55:44.894509,92.29412062536564,-0.2728889753160653,4185.87
BTC,2025-09-04 11:55:44.894509,92.62866684812022,-0.2728889753160653,18547.73
BTC,2025-09-04 12:55:44.894509,92.1026857636966,-0.2728889753160653,5104.25
BTC,2025-09-04 13:55:44.894509,91.1680497429269,-0.2728889753160653,6169.24
BTC,2025-09-04 14:55:44.894509,90.93220992117449,-0.2728889753160653,3769.78
BTC,2025-09-04 15:55:44.894509,90.22844921303982,-0.2728889753160653,9303.45
BTC,2025-09-04 16:55:44.894509,88.37505323122812,-0.2728889753160653,4593.38
BTC,2025-09-04 17:55:44.894509,89.00826331394218,-0.2728889753160653,6062.08
BTC,2025-09-04 18:55:44.894509,88.49813800458486,0.7117942815839476,2148.25
BTC,2025-09-04 19:55:44.894509,88.76683652500262,0.7117942815839476,1463.85
BTC,2025-09-04 20:55:44.894509,89.50329910158197,0.7117942815839476,1392.22
BTC,2025-09-04 21:55:44.894509,89.61520693777386,0.7117942815839476,1787.79
BTC,2025-09-04 22:55:44.894509,90.25789824657653,0.7117942815839476,1705.93
BTC,2025-09-04 23:55:44.894509,89.30060468125525,0.7117942815839476,2205.99
BTC,2025-09-05 00:55:44.894509,88.45368886958843,0.7117942815839476,1728.77
BTC,2025-09-05 01:55:44.894509,88.01823764244641,0.7117942815839476,1534.01
BTC,2025-09-05 02:55:44.894509,86.46645629424994,0.7117942815839476,1051.83
BTC,2025-09-05 03:55:44.894509,84.98184615458527,0.7117942815839476,958.29
BTC,2025-09-05 04:55:44.894509,84.1328514650116,0.7117942815839476,1344.79
BTC,2025-09-05 05:55:44.894509,84.09098016762593,0.7117942815839476,2079.59
BTC,2025-09-05 06:55:44.894509,84.23844126716534,0.7117942815839476,2527.44
BTC,2025-09-05 07:55:44.894509,81.9407175125005,0.7117942815839476,1462.46
BTC,2025-09-05 08:55:44.894509,81.58958328875963,0.7117942815839476,2426.18
BTC,2025-09-05 09:55:44.894509,82.09497368402486,0.7117942815839476,9372.56
BTC,2025-09-05 10:55:44.894509,81.62422500477439,0.7117942815839476,12498.98
BTC,2025-09-05 11:55:44.894509,80.08679786165081,0.7117942815839476,17734.08
BTC,2025-09-05 12:55:44.894509,79.3588712313233,0.7117942815839476,9899.57
BTC,2025-09-05 13:55:44.894509,80.51177054316821,0.7117942815839476,7238.94
BTC,2025-09-05 14:55:44.894509,80.61633602727687,0.7117942815839476,3179.56
BTC,2025-09-05 15:55:44.894509,79.9004263697823,0.7117942815839476,1808.1
BTC,2025-09-05 16:55:44.894509,80.72188977885293,0.7117942815839476,9054.32
BTC,2025-09-05 17:55:44.894509,81.00773074270386,0.7117942815839476,6707.23
BTC,2025-09-05 18:55:44.894509,78.33563335182929,0.04428107818731479,1798.24
BTC,2025-09-05 19:55:44.894509,77.86450129971796,0.04428107818731479,1410.64
BTC,2025-09-05 20:55:44.894509,79.31241308353603,0.04428107818731479,1291.65
BTC,2025-09-05 21:55:44.894509,79.79422807948666,0.04428107818731479,1205.23
BTC,2025-09-05 22:55:44.894509,79.50261555566257,0.04428107818731479,1629.72
BTC,2025-09-05 23:55:44.894509,78.67631058577338,0.04428107818731479,2399.7
BTC,2025-09-06 00:55:44.894509,77.36017212149204,0.04428107818731479,781.24
BTC,2025-09-06 01:55:44.894509,78.37395927615108,0.04428107818731479,1304.54
BTC,2025-09-06 02:55:44.894509,80.17847373068102,0.04428107818731479,2906.13
BTC,2025-09-06 03:55:44.894509,79.87610867368839,0.04428107818731479,890.21
BTC,2025-09-06 04:55:44.894509,79.80307336180245,0.04428107818731479,2683.1
BTC,2025-09-06 05:55:44.894509,78.89290601532903,0.04428107818731479,956.16
BTC,2025-09-06 06:55:44.894509,78.286909621363,0.04428107818731479,926.54
BTC,2025-09-06 07:55:44.894509,76.24626013116766,0.04428107818731479,1156.04
BTC,2025-09-06 08:55:44.894509,77.38998214175105,0.04428107818731479,1537.26
BTC,2025-09-06 09:55:44.894509,78.92795201950644,0.04428107818731479,12395.71
BTC,2025-09-06 10:55:44.894509,76.58786721828973,0.04428107818731479,2058.91
BTC,2025-09-06 11:55:44.894509,75.67896317752499,0.04428107818731479,1950.12
BTC,2025-09-06 12:55:44.894509,76.14410749827063,0.04428107818731479,6609.2
BTC,2025-09-06 13:55:44.894509,76.03340044740554,0.04428107818731479,6284.4
BTC,2025-09-06 14:55:44.894509,74.82203972582565,0.04428107818731479,3638.78
BTC,2025-09-06 15:55:44.894509,74.214830557656,0.04428107818731479,6555.22
BTC,2025-09-06 16:55:44.894509,73.59312581044865,0.04428107818731479,3593.69
BTC,2025-09-06 17:55:44.894509,74.12004725773255,0.04428107818731479,7985.03
BTC,2025-09-06 18:55:44.894509,74.55662236601107,0.13746475818956724,3671.85
BTC,2025-09-06 19:55:44.894509,76.12945891773145,0.13746475818956724,2048.68
BTC,2025-09-06 20:55:44.894509,75.36000806089484,0.13746475818956724,434.12
BTC,2025-09-06 21:55:44.894509,74.56418240855965,0.13746475818956724,2524.59
BTC,2025-09-06 22:55:44.894509,74.10834777279806,0.13746475818956724,2576.81
BTC,2025-09-06 23:55:44.894509,73.9416274333281,0.13746475818956724,1017.14
BTC,2025-09-07 00:55:44.894509,74.3440431188597,0.13746475818956724,929.96
BTC,2025-09-07 01:55:44.894509,72.9629980127925,0.13746475818956724,988.56
BTC,2025-09-07 02:55:44.894509,74.13089139189307,0.13746475818956724,920.67
BTC,2025-09-07 03:55:44.894509,76.97486230869211,0.13746475818956724,1223.63
BTC,2025-09-07 04:55:44.894509,75.74460642427451,0.13746475818956724,1642.58
BTC,2025-09-07 05:55:44.894509,74.27056206421499,0.13746475818956724,1635.36
BTC,2025-09-07 06:55:44.894509,74.71515212258006,0.13746475818956724,2209.36
BTC,2025-09-07 07:55:44.894509,75.82199955449693,0.13746475818956724,1474.81
BTC,2025-09-07 08:55:44.894509,74.88585035929033,0.13746475818956724,3781.12
BTC,2025-09-07 09:55:44.894509,75.18648646299994,0.13746475818956724,1752.64
BTC,2025-09-07 10:55:44.894509,75.40901353745964,0.13746475818956724,4035.21
BTC,2025-09-07 11:55:44.894509,74.4968914830566,0.13746475818956724,6020.46
BTC,2025-09-07 12:55:44.894509,75.4986607679046,0.13746475818956724,4415.56
BTC,2025-09-07 13:55:44.894509,75.862129951549,0.13746475818956724,5359.75
BTC,2025-09-07 14:55:44.894509,75.5655057318007,0.13746475818956724,4804.74
BTC,2025-09-07 15:55:44.894509,74.25149459464585,0.13746475818956724,13850.59
BTC,2025-09-07 16:55:44.894509,74.83778622191534,0.13746475818956724,6760.68
BTC,2025-09-07 17:55:44.894509,75.57267057821377,0.13746475818956724,8805.28
BTC,2025-09-07 18:55:44.894509,76.83494638891322,-0.4564823006774654,827.28
BTC,2025-09-07 19:55:44.894509,77.06228185575466,-0.4564823006774654,2438.36
BTC,2025-09-07 20:55:44.894509,78.31389928001876,-0.4564823006774654,3602.65
BTC,2025-09-07 21:55:44.894509,78.40554827852287,-0.4564823006774654,2108.25
BTC,2025-09-07 22:55:44.894509,77.98742961566425,-0.4564823006774654,1774.4
BTC,2025-09-07 23:55:44.894509,77.51424580739004,-0.4564823006774654,1575.31
BTC,2025-09-08 00:55:44.894509,76.38267699771062,-0.4564823006774654,764.4
BTC,2025-09-08 01:55:44.894509,75.29819617933416,-0.4564823006774654,1120.63
BTC,2025-09-08 02:55:44.894509,75.10493749452871,-0.4564823006774654,2066.73
BTC,2025-09-08 03:55:44.894509,77.03264572130504,-0.4564823006774654,1225.4
BTC,2025-09-08 04:55:44.894509,78.85972839077058,-0.4564823006774654,1200.19
BTC,2025-09-08 05:55:44.894509,79.77332176698087,-0.4564823006774654,3332.7
BTC,2025-09-08 06:55:44.894509,78.60939221672021,-0.4564823006774654,1773.98
BTC,2025-09-08 07:55:44.894509,78.08502788222603,-0.4564823006774654,1771.37
BTC,2025-09-08 08:55:44.894509,77.51224609377547,-0.4564823006774654,2867.34
BTC,2025-09-08 09:55:44.894509,76.50044793351888,-0.4564823006774654,4859.66
BTC,2025-09-08 10:55:44.894509,75.81626906491174,-0.4564823006774654,3634.98
BTC,2025-09-08 11:55:44.894509,75.64925221118806,-0.4564823006774654,2857.26
BTC,2025-09-08 12:55:44.894509,76.42264075000304,-0.4564823006774654,4578.77
BTC,2025-09-08 13:55:44.894509,76.6077988890244,-0.4564823006774654,968.25
BTC,2025-09-08 14:55:44.894509,78.0838766288005,-0.4564823006774654,3091.23
BTC,2025-09-08 15:55:44.894509,76.79840264904806,-0.4564823006774654,1452.19
BTC,2025-09-08 16:55:44.894509,77.7316457764211,-0.4564823006774654,3101.91
BTC,2025-09-08 17:55:44.894509,77.80611612331049,-0.4564823006774654,5232.23
BTC,2025-09-08 18:55:44.894509,76.19767551160535,0.2620617895930992,1053.73
BTC,2025-09-08 19:55:44.894509,75.15784285178324,0.2620617895930992,993.61
BTC,2025-09-08 20:55:44.894509,75.67726934626884,0.2620617895930992,2810.08
BTC,2025-09-08 21:55:44.894509,74.80446992184955,0.2620617895930992,1535.57
BTC,2025-09-08 22:55:44.894509,74.63347765920247,0.2620617895930992,1529.42
BTC,2025-09-08 23:55:44.894509,73.02387368557068,0.2620617895930992,395.12
BTC,2025-09-09 00:55:44.894509,72.63566189092084,0.2620617895930992,1554.86
BTC,2025-09-09 01:55:44.894509,73.56661033462163,0.2620617895930992,2043.1
BTC,2025-09-09 02:55:44.894509,72.91693284134644,0.2620617895930992,3053.65
BTC,2025-09-09 03:55:44.894509,74.26116374739416,0.2620617895930992,1616.94
BTC,2025-09-09 04:55:44.894509,74.01918611096742,0.2620617895930992,3523.7
BTC,2025-09-09 05:55:44.894509,74.78532563502256,0.2620617895930992,1748.49
BTC,2025-09-09 06:55:44.894509,75.35135633513121,0.2620617895930992,1501.24
BTC,2025-09-09 07:55:44.894509,74.22599228391124,0.2620617895930992,764.26
BTC,2025-09-09 08:55:44.894509,73.24968987502874,0.2620617895930992,3299.8
BTC,2025-09-09 09:55:44.894509,72.78125299324608,0.2620617895930992,3811.26
BTC,2025-09-09 10:55:44.894509,72.4062338988156,0.2620617895930992,8123.98
BTC,2025-09-09 11:55:44.894509,71.8818356662778,0.2620617895930992,4489.3
BTC,2025-09-09 12:55:44.894509,69.7247414678827,0.2620617895930992,3622.04
BTC,2025-09-09 13:55:44.894509,69.1366297122471,0.2620617895930992,7157.17
BTC,2025-09-09 14:55:44.894509,67.82343167734405,0.2620617895930992,7526.71
BTC,2025-09-09 15:55:44.894509,68.30218740069697,0.2620617895930992,2399.91
BTC,2025-09-09 16:55:44.894509,68.73041291616089,0.2620617895930992,2895.68
BTC,2025-09-09 17:55:44.894509,67.9145298740668,0.2620617895930992,4059.51
BTC,2025-09-09 18:55:44.894509,68.49535920674623,0.22142128190114518,2082.12
BTC,2025-09-09 19:55:44.894509,68.95375965323139,0.22142128190114518,1932.1
BTC,2025-09-09 20:55:44.894509,69.99437452700855,0.22142128190114518,2156.15
BTC,2025-09-09 21:55:44.894509,70.20046997570162,0.22142128190114518,1706.19
BTC,2025-09-09 22:55:44.894509,70.75186148295586,0.22142128190114518,4018.2
BTC,2025-09-09 23:55:44.894509,70.86072797357991,0.22142128190114518,871.81
BTC,2025-09-10 00:55:44.894509,72.24710820735366,0.22142128190114518,974.88
BTC,2025-09-10 01:55:44.894509,73.61774661157938,0.22142128190114518,891.7
BTC,2025-09-10 02:55:44.894509,73.1817841413527,0.22142128190114518,1206.31
BTC,2025-09-10 03:55:44.894509,74.19084714818217,0.22142128190114518,1122.88
BTC,2025-09-10 04:55:44.894509,73.65038875452832,0.22142128190114518,2079.43
BTC,2025-09-10 05:55:44.894509,73.44326858226052,0.22142128190114518,1206.48
BTC,2025-09-10 06:55:44.894509,72.47050867366167,0.22142128190114518,864.6
BTC,2025-09-10 07:55:44.894509,73.29717855130477,0.22142128190114518,2581.35
BTC,2025-09-10 08:55:44.894509,74.27028118049373,0.22142128190114518,2191.08
BTC,2025-09-10 09:55:44.894509,75.38276302571111,0.22142128190114518,6180.83
BTC,2025-09-10 10:55:44.894509,75.30051978459639,0.22142128190114518,8126.77
BTC,2025-09-10 11:55:44.894509,74.4514979222505,0.22142128190114518,3772.0
BTC,2025-09-10 12:55:44.894509,74.21227943525136,0.22142128190114518,4369.97
BTC,2025-09-10 13:55:44.894509,76.39237378931244,0.22142128190114518,8046.48
BTC,2025-09-10 14:55:44.894509,77.65099917726045,0.22142128190114518,5209.4
BTC,2025-09-10 15:55:44.894509,75.68608795286944,0.22142128190114518,7601.79
BTC,2025-09-10 16:55:44.894509,76.0637630402283,0.22142128190114518,1211.19
BTC,2025-09-10 17:55:44.894509,76.95442871320668,0.22142128190114518,4189.71
BTC,2025-09-10 18:55:44.894509,77.02671597948216,0.22499464221291038,1170.49
BTC,2025-09-10 19:55:44.894509,77.0988359748943,0.22499464221291038,3360.37
BTC,2025-09-10 20:55:44.894509,74.28234230106624,0.22499464221291038,1106.97
BTC,2025-09-10 21:55:44.894509,73.74119179840406,0.22499464221291038,2101.24
BTC,2025-09-10 22:55:44.894509,76.11156390372025,0.22499464221291038,1324.14
BTC,2025-09-10 23:55:44.894509,75.95405255430353,0.22499464221291038,2063.77
BTC,2025-09-11 00:55:44.894509,75.82556769726153,0.22499464221291038,6466.36
BTC,2025-09-11 01:55:44.894509,75.5632424394927,0.22499464221291038,1715.92
BTC,2025-09-11 02:55:44.894509,76.65351730045003,0.22499464221291038,1003.41
BTC,2025-09-11 03:55:44.894509,76.2051170973403,0.22499464221291038,2056.38
BTC,2025-09-11 04:55:44.894509,75.5513273124506,0.22499464221291038,1217.85
BTC,2025-09-11 05:55:44.894509,75.3753105769459,0.22499464221291038,1423.02
BTC,2025-09-11 06:55:44.894509,76.83556874144584,0.22499464221291038,2618.85
BTC,2025-09-11 07:55:44.894509,76.4194138338028,0.22499464221291038,843.76
BTC,2025-09-11 08:55:44.894509,76.59317930003311,0.22499464221291038,1497.43
BTC,2025-09-11 09:55:44.894509,77.7300015636936,0.22499464221291038,1911.26
BTC,2025-09-11 10:55:44.894509,78.3185058146804,0.22499464221291038,2444.65
BTC,2025-09-11 11:55:44.894509,78.16338182980927,0.22499464221291038,7644.1
BTC,2025-09-11 12:55:44.894509,78.26383492615207,0.22499464221291038,3538.13
BTC,2025-09-11 13:55:44.894509,78.73406126937363,0.22499464221291038,5774.12
BTC,2025-09-11 14:55:44.894509,79.84313149450404,0.22499464221291038,8373.84
BTC,2025-09-11 15:55:44.894509,80.97780276123606,0.22499464221291038,10493.57
BTC,2025-09-11 16:55:44.894509,80.21732781848057,0.22499464221291038,3089.32
BTC,2025-09-11 17:55:44.894509,80.62288556593361,0.22499464221291038,3779.38
BTC,2025-09-11 18:55:44.894509,80.31039003016578,0.7872064288971247,1550.31
BTC,2025-09-11 19:55:44.894509,80.17493954614925,0.7872064288971247,1243.64
BTC,2025-09-11 20:55:44.894509,78.56009990039631,0.7872064288971247,1766.66
BTC,2025-09-11 21:55:44.894509,79.94738353609141,0.7872064288971247,2043.68
BTC,2025-09-11 22:55:44.894509,80.71722398012734,0.7872064288971247,3373.44
BTC,2025-09-11 23:55:44.894509,81.99993673203504,0.7872064288971247,4354.73
BTC,2025-09-12 00:55:44.894509,81.16079713934536,0.7872064288971247,796.65
BTC,2025-09-12 01:55:44.894509,82.48554086611271,0.7872064288971247,1470.3
BTC,2025-09-12 02:55:44.894509,81.79519889987655,0.7872064288971247,2755.85
BTC,2025-09-12 03:55:44.894509,81.9806573438058,0.7872064288971247,1286.35
BTC,2025-09-12 04:55:44.894509,82.0987354316618,0.7872064288971247,2505.98
BTC,2025-09-12 05:55:44.894509,84.38440903882443,0.7872064288971247,1145.69
BTC,2025-09-12 06:55:44.894509,85.78893393438625,0.7872064288971247,1857.34
BTC,2025-09-12 07:55:44.894509,85.6079950557643,0.7872064288971247,3364.64
BTC,2025-09-12 08:55:44.894509,84.9032062772479,0.7872064288971247,1483.13
BTC,2025-09-12 09:55:44.894509,84.69968465987264,0.7872064288971247,3412.05
BTC,2025-09-12 10:55:44.894509,84.65246452149871,0.7872064288971247,5987.46
BTC,2025-09-12 11:55:44.894509,85.07188702471484,0.7872064288971247,3672.2
BTC,2025-09-12 12:55:44.894509,83.10122014694483,0.7872064288971247,5617.99
BTC,2025-09-12 13:55:44.894509,83.83001010488522,0.7872064288971247,7034.19
BTC,2025-09-12 14:55:44.894509,83.0774677905073,0.7872064288971247,4175.67
BTC,2025-09-12 15:55:44.894509,83.4211752473776,0.7872064288971247,3147.68
BTC,2025-09-12 16:55:44.894509,82.56541943093751,0.7872064288971247,3060.53
BTC,2025-09-12 17:55:44.894509,82.51129046834765,0.7872064288971247,5981.41
BTC,2025-09-12 18:55:44.894509,82.97917413214924,-0.31446267778986736,2079.97
BTC,2025-09-12 19:55:44.894509,84.07270209278931,-0.31446267778986736,1642.77
BTC,2025-09-12 20:55:44.894509,83.86845837654971,-0.31446267778986736,1666.28
BTC,2025-09-12 21:55:44.894509,83.74972272900047,-0.31446267778986736,889.38
BTC,2025-09-12 22:55:44.894509,83.6791418119482,-0.31446267778986736,1110.73
BTC,2025-09-12 23:55:44.894509,83.43661221964791,-0.31446267778986736,2039.41
BTC,2025-09-13 00:55:44.894509,84.11648252627093,-0.31446267778986736,1050.75
BTC,2025-09-13 01:55:44.894509,83.85954953059564,-0.31446267778986736,1758.94
BTC,2025-09-13 02:55:44.894509,84.31495363819639,-0.31446267778986736,2407.15
BTC,2025-09-13 03:55:44.894509,84.72225624164346,-0.31446267778986736,1425.98
BTC,2025-09-13 04:55:44.894509,84.32983427212292,-0.31446267778986736,1100.81
BTC,2025-09-13 05:55:44.894509,84.30798513838903,-0.31446267778986736,1358.03
BTC,2025-09-13 06:55:44.894509,84.28908409321322,-0.31446267778986736,1501.88
BTC,2025-09-13 07:55:44.894509,85.47468543176844,-0.31446267778986736,2667.28
BTC,2025-09-13 08:55:44.894509,86.15534158452662,-0.31446267778986736,1813.34
BTC,2025-09-13 09:55:44.894509,86.15196860910474,-0.31446267778986736,4839.63
BTC,2025-09-13 10:55:44.894509,86.13446094053042,-0.31446267778986736,4739.1
BTC,2025-09-13 11:55:44.894509,85.82831655277998,-0.31446267778986736,4573.59
BTC,2025-09-13 12:55:44.894509,84.10188169032422,-0.31446267778986736,3349.17
BTC,2025-09-13 13:55:44.894509,85.08137426665495,-0.31446267778986736,3176.15
BTC,2025-09-13 14:55:44.894509,86.33750140350094,-0.31446267778986736,4392.63
BTC,2025-09-13 15:55:44.894509,86.47335166955078,-0.31446267778986736,2932.92
BTC,2025-09-13 16:55:44.894509,86.4474402962339,-0.31446267778986736,4285.96
BTC,2025-09-13 17:55:44.894509,86.15877270078396,-0.31446267778986736,2585.71
BTC,2025-09-13 18:55:44.894509,86.10339577884281,-0.6228319799948145,1028.39
BTC,2025-09-13 19:55:44.894509,86.39396571216429,-0.6228319799948145,795.43
BTC,2025-09-13 20:55:44.894509,87.69937553746101,-0.6228319799948145,1876.85
BTC,2025-09-13 21:55:44.894509,90.11199195284654,-0.6228319799948145,2551.62
BTC,2025-09-13 22:55:44.894509,89.87766654419939,-0.6228319799948145,623.47
BTC,2025-09-13 23:55:44.894509,91.62750134649579,-0.6228319799948145,4420.34
BTC,2025-09-14 00:55:44.894509,91.2406197558365,-0.6228319799948145,1699.26
BTC,2025-09-14 01:55:44.894509,92.60403103681253,-0.6228319799948145,3818.47
BTC,2025-09-14 02:55:44.894509,92.39369736893525,-0.6228319799948145,1254.44
BTC,2025-09-14 03:55:44.894509,92.71078199628573,-0.6228319799948145,1219.88
BTC,2025-09-14 04:55:44.894509,92.22842981912446,-0.6228319799948145,1195.14
BTC,2025-09-14 05:55:44.894509,92.20403037879149,-0.6228319799948145,2755.75
BTC,2025-09-14 06:55:44.894509,91.63441524677756,-0.6228319799948145,937.18
BTC,2025-09-14 07:55:44.894509,91.9938118985603,-0.6228319799948145,805.99
BTC,2025-09-14 08:55:44.894509,92.76169346282727,-0.6228319799948145,1160.09
BTC,2025-09-14 09:55:44.894509,91.9715310934319,-0.6228319799948145,4235.32
BTC,2025-09-14 10:55:44.894509,91.21489831481918,-0.6228319799948145,4275.3
BTC,2025-09-14 11:55:44.894509,91.20512836039457,-0.6228319799948145,2968.12
BTC,2025-09-14 12:55:44.894509,92.56906965937206,-0.6228319799948145,5343.9
BTC,2025-09-14 13:55:44.894509,91.48556194869124,-0.6228319799948145,4642.3
BTC,2025-09-14 14:55:44.894509,90.7489481722154,-0.6228319799948145,3886.45
BTC,2025-09-14 15:55:44.894509,90.94927530616917,-0.6228319799948145,4074.02
BTC,2025-09-14 16:55:44.894509,90.93349768151265,-0.6228319799948145,4212.25
BTC,2025-09-14 17:55:44.894509,92.74011303892837,-0.6228319799948145,4329.93
BTC,2025-09-14 18:55:44.894509,93.68661302355858,0.7736978488959431,2902.65
BTC,2025-09-14 19:55:44.894509,94.46163947640348,0.7736978488959431,4577.81
BTC,2025-09-14 20:55:44.894509,93.41905663170856,0.7736978488959431,2421.89
BTC,2025-09-14 21:55:44.894509,93.38776235330872,0.7736978488959431,1601.88
BTC,2025-09-14 22:55:44.894509,93.32396673193698,0.7736978488959431,1643.81
BTC,2025-09-14 23:55:44.894509,92.62899509673154,0.7736978488959431,1046.24
BTC,2025-09-15 00:55:44.894509,91.93088402543847,0.7736978488959431,6988.72
BTC,2025-09-15 01:55:44.894509,92.51702666574963,0.7736978488959431,1290.25
BTC,2025-09-15 02:55:44.894509,93.33835213520773,0.7736978488959431,2000.62
BTC,2025-09-15 03:55:44.894509,94.45501191025822,0.7736978488959431,4963.06
BTC,2025-09-15 04:55:44.894509,95.06261448226104,0.7736978488959431,2384.48
BTC,2025-09-15 05:55:44.894509,95.20542620653156,0.7736978488959431,1182.4
BTC,2025-09-15 06:55:44.894509,95.0279914299207,0.7736978488959431,1316.78
BTC,2025-09-15 07:55:44.894509,95.40281997021566,0.7736978488959431,1366.46
BTC,2025-09-15 08:55:44.894509,96.51369942304271,0.7736978488959431,1342.14
BTC,2025-09-15 09:55:44.894509,96.22388847949364,0.7736978488959431,3130.65
BTC,2025-09-15 10:55:44.894509,96.4870389558367,0.7736978488959431,11071.93
BTC,2025-09-15 11:55:44.894509,98.18433682066073,0.7736978488959431,3748.98
BTC,2025-09-15 12:55:44.894509,98.62225933158847,0.7736978488959431,6497.61
BTC,2025-09-15 13:55:44.894509,99.76536990260853,0.7736978488959431,3727.81
BTC,2025-09-15 14:55:44.894509,100.23625872985622,0.7736978488959431,7872.57
BTC,2025-09-15 15:55:44.894509,101.03345175858152,0.7736978488959431,2733.42
BTC,2025-09-15 16:55:44.894509,102.9472910764203,0.7736978488959431,4209.05
BTC,2025-09-15 17:55:44.894509,103.64934570344704,0.7736978488959431,5269.01
BTC,2025-09-15 18:55:44.894509,104.63595728036381,-0.43655811093838437,1062.51
BTC,2025-09-15 19:55:44.894509,106.01856440820752,-0.43655811093838437,2060.12
BTC,2025-09-15 20:55:44.894509,107.18089888853996,-0.43655811093838437,1314.46
BTC,2025-09-15 21:55:44.894509,107.15817218960446,-0.43655811093838437,2039.6
BTC,2025-09-15 22:55:44.894509,107.40665459866624,-0.43655811093838437,1018.41
BTC,2025-09-15 23:55:44.894509,106.65140989390969,-0.43655811093838437,1331.08
BTC,2025-09-16 00:55:44.894509,106.46577805731413,-0.43655811093838437,1579.52
BTC,2025-09-16 01:55:44.894509,108.20423824171786,-0.43655811093838437,3084.26
BTC,2025-09-16 02:55:44.894509,108.11469547687567,-0.43655811093838437,1312.55
BTC,2025-09-16 03:55:44.894509,109.63506879148974,-0.43655811093838437,1789.88
BTC,2025-09-16 04:55:44.894509,111.00508845759762,-0.43655811093838437,742.84
BTC,2025-09-16 05:55:44.894509,110.25863498626983,-0.43655811093838437,1870.57
BTC,2025-09-16 06:55:44.894509,110.96426755964063,-0.43655811093838437,592.76
BTC,2025-09-16 07:55:44.894509,111.68722723687912,-0.43655811093838437,1712.1
BTC,2025-09-16 08:55:44.894509,111.81166873501536,-0.43655811093838437,1371.74
BTC,2025-09-16 09:55:44.894509,113.18402796350993,-0.43655811093838437,5950.06
